Episode Number,Episode Name,Episode Length
1,224: A Second Lap of the Babies,8561
2,223: The Problem Is It’s Accurate,4853
3,222: It’s Captured My Almonds,10223
4,"221: Best, First, Favorite",6126
5,220: The Light From a Dying Star,7897
6,219: Theater Kids and Sad People,5548
7,218: Train Parliament,6380
8,217: Broken on Both Ends,5012
9,216: Erroneous Beeping,7745
10,215: They Did Start Tomorrow,7283
11,214: First Farm in New York,8660
12,213: Double Crown,5011
13,212: Green Grow the Onions,9145
14,211: A Very Bad Grayble,7844
15,210: My Personal Fantasia,8614
16,209: Trick Food,4487
17,208: Spinal Tap with Cowboy Hats,7439
18,207: Between Ridiculous and Nonexistent,6197
19,206: Hand Cuppers & Faucet Slurpers,8448
20,205: A Cumulative Warmth,5096
21,204: The Dump Valve​​,7938
22,203: The Javicoli House,4267
23,202: Running Clear,10627
24,201: Look Behind the Potato,6346
25,200: The Genius Who Keeps Retiring,8607
26,199: Reverse Gift of the Magi,5733
27,198: Baby Alive,8873
28,197: My Waking-Hour Pie,5403
29,"196: Less Talk, More Squawk",8356
30,195: Sloppy Focus,5904
31,194: Hard Four,11207
32,193: The Wrong Helen,5112
33,192: The End Table is Not Your Enemy,10114
34,191: Love and Cleaning,5372
35,190: Three Whys Later,7532
36,189: The Cutting Edge of Technological Grievance,5630
37,188: Ten-Year Cleanse,6115
38,187: Beauty Fades,4979
39,186: QD-OLED Vaccine,8105
40,185: A Shirt’s Journey,4254
41,184: Back Door Preparation,9895
42,183: The Pinching Opportunities,6177
43,182: Disapproval Has a Scent,8954
44,181: I Saw Your Wife,7708
45,180: I’m Doing a Lot of Stuff with Computers Right Now,9507
46,179: I Believe in the System…Kind Of,6522
47,178: Ill-Advised Fashion Muse,8535
48,177: I Have Dim Hopes,7180
49,176: The Curse of Convenience,9803
50,175: One Giant Mountain,6151
51,174: Cardamom & Turmeric,8082
52,173: The Chicken Project,5435
53,"172: First, Make a Hole",9986
54,171: Time Off,5022
55,170: Overton Shame Window,9103
56,169: Open Up the Frog,5087
57,168: The Robes of Science,9628
58,167: A Close Italian Reading,5769
59,166: Our Monster,7734
60,165: In the Drift,5159
61,164: Casual Injustices,8998
62,163: Big Flyers,8486
63,162: A Pile of Bed,9349
64,161: ASCII Salad Bar,6465
65,160: The Spouse Trap,8654
66,159: The Narrow Priesthood,4656
67,158: Wait for the Wave,8213
68,157: Champion Snackers,5237
69,156: Feeding the Meetings,8281
70,155: I Don’t Feel like It’s an Edge,5280
71,154: Put Your Chair in the Queue,7330
72,153: Banana Ball,4759
73,152: Warnings of Gales in Trafalgar,8362
74,151: Fully Emptive,10661
75,150: The Stands,7627
76,149: Babysitting the Dragon,5111
77,148: McLaren of Theseus,9736
78,147: Pan-Pan!,5200
79,146: Rogue Rice,7222
80,145: The Opposite Mistake,4859
81,144: The Other Side of the Owl,8993
82,143: The Shape of Time,5323
83,142: The Threshing Machine,6870
84,141: The Panopticon of Frasier,4552
85,140: I Know What to Do in a Tree,7665
86,139: Everything's a Competition,5432
87,138: Their Terrible Butts,7099
88,137: The Fifth Flavor of Entertainment,5926
89,136: The Left Side of the Diving Board,7420
90,135: Clutch Foot,6994
91,134: Romeo Delta,6359
92,133: Shave Daddy,4866
93,132: Bigger in Three Dimensions Than I’ve Ever Been,5171
94,131: The Past is a Grotesque Animal,7157
95,130: Good Quorn,5569
96,129: Chocolate and Toy Story,5712
97,"128: Ciao, Francesco Rinaldi!",3886
98,127: Advice Nurse,6150
99,126: Social Distancing,6875
100,125: You Can't Hang a Graduation on the Wall,6125
101,124: Figures of Action,6034
102,123: Squirrel List,5265
103,122: A Fib of Omission,5973
104,121: Impotent Hydra,5984
105,120: Where the Packages Sleep,5749
106,119: Emcee of Thanksgiving,6086
107,118: THAT's the Star Wars!,6847
108,117: That’s Not the Rigatoni,6788
109,116: Brown Sludge Water,6195
110,115: Rational Twilight,5986
111,114: Confronted with a Jar,4902
112,113: Ambient Pleasure Generator,5807
113,112: Here Comes the But,6297
114,111: Brackets Around the Brackets,5822
115,110: Five Dollars in a Bar of Soap,6527
116,109: My Self-Hypnosis Period,5843
117,108: Next Week is Now,5932
118,107: Aren't We a Pair?,6722
119,106: Tales from the Elder Days,5633
120,105: Bastik in a Bastik,6744
121,104: True Bottom,5647
122,103: Minimum Viable Joke,4743
123,102: Preparing the Way,7055
124,101: Duke of Bits,6597
125,100: Tungsten,6484
126,99: Coconut Scenario,5958
127,98: You’re Killing Your Father,5717
128,97: Invisible Work,5797
129,96: Mr. Scrapie,5816
130,95: Shadow Childhood,5319
131,94: Hiding the Machete,6517
132,93: Forty Gronks,6522
133,92: Zoom in on the Fish Head,5818
134,91: Truck Stop Floor Mat,5601
135,90: Cargo-Cult Thoreau,5936
136,89: Popcorn Problems,5159
137,88: Static Contraction,7385
138,87: Looking for Something to Manage,6688
139,86: Horse’s Feed Bag Full of Food,7343
140,85: Comedy’s Not Funny,6447
141,84: Camptivities,6522
142,83: A Pit of Feek,5160
143,82: Summer of Intentionalities,6326
144,81: Sixteen-Tile Puzzle,5709
145,80: Death is an Easy Diagnosis,6059
146,79: Goofball Island,5549
147,78: Right Above Self-Actualization,6600
148,77: Prodigal Bird,6939
149,76: The Dandelion of Content,7309
150,75: The Most Popular Meat Grinder in Town,7740
151,74: Stingy on the Fives,7585
152,73: Ladyhawke Times,8000
153,72: The Seventh Alarm Clock,6529
154,71: Racist Uncle Baby,6719
155,70: Where the Fish Was,6334
156,69: Concentric Circles of Hangers-On,6215
157,68: Bellicose Phone Booth,7853
158,67: Everything That’s Good About Garlic,6808
159,66: Inherent Injustice,8697
160,65: The Mustard of My Father,7315
161,64: All Fight,7339
162,63: Five Stars for Jeremy,6899
163,62: The Old Lady and the Duck,5661
164,61: Rat King of Glue Traps,5496
165,60: Anything Can Be a Smoothie,5173
166,59: Herbal Bourbons,8401
167,58: Elective Plumbing,7069
168,57: Losing my Stormtrooper,7757
169,56: Living Inside an Apology with Pie,6984
170,55: Dog-Shaped Dog,6679
171,54: Literally the Least I Could Do,6555
172,53: Birds All Day Long,6706
173,52: This Bird Can’t Get Laid,5864
174,"51: Pull Here, Dummy",7163
175,50: Barrel Week,7430
176,49: Celebrity Outreach Program,6670
177,48: Slim Pickings in the Terrarium,9109
178,47: Now I Dream in French,7480
179,46: Some Form of Ballast,6620
180,"45: The Blood is Normal, Right?",6688
181,44: Assistant Manager Material,7866
182,43: Pack Mule with a Checkbook,7049
183,42: The Punching in Me,6038
184,41: Jingling Keys,10801
185,40: Slippery Slope to Dr. Manhattan,6838
186,39: Rocks Aren’t Magic,7002
187,38: The Monkey God Situation,6526
188,37: A Useless Angle for Swordfighting,6347
189,36: The Ragged Edge of What's Possible,5070
190,35: A Lot of Them Are Tricks,7089
191,34: All These Assistant Principals are Now Dead,7865
192,33: Survival Bucket,5473
193,32: Pigs and Bunnies,5963
194,31: Backsolve From Your Urges,6392
195,30: Captain of the Living Room,6085
196,29: Six Fax Machines,7044
197,28: Getting to Know a Broken Person,7586
198,27: The Morning Prompts,6054
199,26: One Dollar Cat,7369
200,25: Zarro Droogs,12069
201,24: I Will Outrun Death and Thermodynamics,9762
202,23: A Sprite Man,7850
203,22: Jericho Turnpike,8134
204,21: Throg the Important Caveman,7134
205,20: Stove Vigilance,5647
206,19: Four Toes,7111
207,18: It's Devastating,6735
208,17: Don’t Touch the Banana,7975
209,16: Ancient Bird,7562
210,15: Emotional Swimsuit Season,6840
211,14: Children's Shoes,6780
212,13: The Mickey Suit,9375
213,12: Hobbit Tendencies,9596
214,11: Frog Board Room,5578
215,10: That Darn Cat,10642
216,9: Late Bloomer,7854
217,8: Devouring Essence,8582
218,7: 50 Shades of John,7922
219,6: Mud and Gaffer's Tape and Broken Lenses,6556
220,5: Shiny and Chrome,6064
221,4: Ohio Intervention,5495
222,3: Helena Sell,8580
223,2: Thrown to the Wolves of Puberty,6513
224,1: We All Ruined It Together,7741
